1,pbkdf2_sha256$390000$QAVuIbzd6zBbBl1HDBEPpe$hM1q5RzS+UWigUFjyj/dTn3OHuk/yOYzDDAzxpIdreY=,,,U1077,,U1077@gmail.com,1,1,2023-04-08 21:18,firstname
2,pbkdf2_sha256$390000$QAVuIbzd6zBbBl1HDBEPpe$hM1q5RzS+UWigUFjyj/dTn3OHuk/yOYzDDAzxpIdreY=,,,U1068,,U1068@gmail.com,1,1,2023-04-08 21:18,firstname
3,pbkdf2_sha256$390000$QAVuIbzd6zBbBl1HDBEPpe$hM1q5RzS+UWigUFjyj/dTn3OHuk/yOYzDDAzxpIdreY=,,,U1067,,U1067@gmail.com,1,1,2023-04-08 21:18,firstname
4,pbkdf2_sha256$390000$QAVuIbzd6zBbBl1HDBEPpe$hM1q5RzS+UWigUFjyj/dTn3OHuk/yOYzDDAzxpIdreY=,,,U1103,,U1103@gmail.com,1,1,2023-04-08 21:18,firstname
5,pbkdf2_sha256$390000$QAVuIbzd6zBbBl1HDBEPpe$hM1q5RzS+UWigUFjyj/dTn3OHuk/yOYzDDAzxpIdreY=,,,U1107,,U1107@gmail.com,1,1,2023-04-08 21:18,firstname
6,pbkdf2_sha256$390000$QAVuIbzd6zBbBl1HDBEPpe$hM1q5RzS+UWigUFjyj/dTn3OHuk/yOYzDDAzxpIdreY=,,,U1044,,U1044@gmail.com,1,1,2023-04-08 21:18,firstname
7,pbkdf2_sha256$390000$QAVuIbzd6zBbBl1HDBEPpe$hM1q5RzS+UWigUFjyj/dTn3OHuk/yOYzDDAzxpIdreY=,,,U1070,,U1070@gmail.com,1,1,2023-04-08 21:18,firstname
8,pbkdf2_sha256$390000$QAVuIbzd6zBbBl1HDBEPpe$hM1q5RzS+UWigUFjyj/dTn3OHuk/yOYzDDAzxpIdreY=,,,U1031,,U1031@gmail.com,1,1,2023-04-08 21:18,firstname
9,pbkdf2_sha256$390000$QAVuIbzd6zBbBl1HDBEPpe$hM1q5RzS+UWigUFjyj/dTn3OHuk/yOYzDDAzxpIdreY=,,,U1082,,U1082@gmail.com,1,1,2023-04-08 21:18,firstname
10,pbkdf2_sha256$390000$QAVuIbzd6zBbBl1HDBEPpe$hM1q5RzS+UWigUFjyj/dTn3OHuk/yOYzDDAzxpIdreY=,,,U1023,,U1023@gmail.com,1,1,2023-04-08 21:18,firstname
11,pbkdf2_sha256$390000$QAVuIbzd6zBbBl1HDBEPpe$hM1q5RzS+UWigUFjyj/dTn3OHuk/yOYzDDAzxpIdreY=,,,U1060,,U1060@gmail.com,1,1,2023-04-08 21:18,firstname
12,pbkdf2_sha256$390000$QAVuIbzd6zBbBl1HDBEPpe$hM1q5RzS+UWigUFjyj/dTn3OHuk/yOYzDDAzxpIdreY=,,,U1015,,U1015@gmail.com,1,1,2023-04-08 21:18,firstname
13,pbkdf2_sha256$390000$QAVuIbzd6zBbBl1HDBEPpe$hM1q5RzS+UWigUFjyj/dTn3OHuk/yOYzDDAzxpIdreY=,,,U1123,,U1123@gmail.com,1,1,2023-04-08 21:18,firstname
14,pbkdf2_sha256$390000$QAVuIbzd6zBbBl1HDBEPpe$hM1q5RzS+UWigUFjyj/dTn3OHuk/yOYzDDAzxpIdreY=,,,U1021,,U1021@gmail.com,1,1,2023-04-08 21:18,firstname
15,pbkdf2_sha256$390000$QAVuIbzd6zBbBl1HDBEPpe$hM1q5RzS+UWigUFjyj/dTn3OHuk/yOYzDDAzxpIdreY=,,,U1026,,U1026@gmail.com,1,1,2023-04-08 21:18,firstname
16,pbkdf2_sha256$390000$QAVuIbzd6zBbBl1HDBEPpe$hM1q5RzS+UWigUFjyj/dTn3OHuk/yOYzDDAzxpIdreY=,,,U1083,,U1083@gmail.com,1,1,2023-04-08 21:18,firstname
17,pbkdf2_sha256$390000$QAVuIbzd6zBbBl1HDBEPpe$hM1q5RzS+UWigUFjyj/dTn3OHuk/yOYzDDAzxpIdreY=,,,U1108,,U1108@gmail.com,1,1,2023-04-08 21:18,firstname
18,pbkdf2_sha256$390000$QAVuIbzd6zBbBl1HDBEPpe$hM1q5RzS+UWigUFjyj/dTn3OHuk/yOYzDDAzxpIdreY=,,,U1012,,U1012@gmail.com,1,1,2023-04-08 21:18,firstname
19,pbkdf2_sha256$390000$QAVuIbzd6zBbBl1HDBEPpe$hM1q5RzS+UWigUFjyj/dTn3OHuk/yOYzDDAzxpIdreY=,,,U1093,,U1093@gmail.com,1,1,2023-04-08 21:18,firstname
20,pbkdf2_sha256$390000$QAVuIbzd6zBbBl1HDBEPpe$hM1q5RzS+UWigUFjyj/dTn3OHuk/yOYzDDAzxpIdreY=,,,U1030,,U1030@gmail.com,1,1,2023-04-08 21:18,firstname
21,pbkdf2_sha256$390000$QAVuIbzd6zBbBl1HDBEPpe$hM1q5RzS+UWigUFjyj/dTn3OHuk/yOYzDDAzxpIdreY=,,,U1066,,U1066@gmail.com,1,1,2023-04-08 21:18,firstname
22,pbkdf2_sha256$390000$QAVuIbzd6zBbBl1HDBEPpe$hM1q5RzS+UWigUFjyj/dTn3OHuk/yOYzDDAzxpIdreY=,,,U1127,,U1127@gmail.com,1,1,2023-04-08 21:18,firstname
23,pbkdf2_sha256$390000$QAVuIbzd6zBbBl1HDBEPpe$hM1q5RzS+UWigUFjyj/dTn3OHuk/yOYzDDAzxpIdreY=,,,U1017,,U1017@gmail.com,1,1,2023-04-08 21:18,firstname
24,pbkdf2_sha256$390000$QAVuIbzd6zBbBl1HDBEPpe$hM1q5RzS+UWigUFjyj/dTn3OHuk/yOYzDDAzxpIdreY=,,,U1100,,U1100@gmail.com,1,1,2023-04-08 21:18,firstname
25,pbkdf2_sha256$390000$QAVuIbzd6zBbBl1HDBEPpe$hM1q5RzS+UWigUFjyj/dTn3OHuk/yOYzDDAzxpIdreY=,,,U1133,,U1133@gmail.com,1,1,2023-04-08 21:18,firstname
26,pbkdf2_sha256$390000$QAVuIbzd6zBbBl1HDBEPpe$hM1q5RzS+UWigUFjyj/dTn3OHuk/yOYzDDAzxpIdreY=,,,U1118,,U1118@gmail.com,1,1,2023-04-08 21:18,firstname
27,pbkdf2_sha256$390000$QAVuIbzd6zBbBl1HDBEPpe$hM1q5RzS+UWigUFjyj/dTn3OHuk/yOYzDDAzxpIdreY=,,,U1072,,U1072@gmail.com,1,1,2023-04-08 21:18,firstname
28,pbkdf2_sha256$390000$QAVuIbzd6zBbBl1HDBEPpe$hM1q5RzS+UWigUFjyj/dTn3OHuk/yOYzDDAzxpIdreY=,,,U1080,,U1080@gmail.com,1,1,2023-04-08 21:18,firstname
29,pbkdf2_sha256$390000$QAVuIbzd6zBbBl1HDBEPpe$hM1q5RzS+UWigUFjyj/dTn3OHuk/yOYzDDAzxpIdreY=,,,U1063,,U1063@gmail.com,1,1,2023-04-08 21:18,firstname
30,pbkdf2_sha256$390000$QAVuIbzd6zBbBl1HDBEPpe$hM1q5RzS+UWigUFjyj/dTn3OHuk/yOYzDDAzxpIdreY=,,,U1074,,U1074@gmail.com,1,1,2023-04-08 21:18,firstname
31,pbkdf2_sha256$390000$QAVuIbzd6zBbBl1HDBEPpe$hM1q5RzS+UWigUFjyj/dTn3OHuk/yOYzDDAzxpIdreY=,,,U1117,,U1117@gmail.com,1,1,2023-04-08 21:18,firstname
32,pbkdf2_sha256$390000$QAVuIbzd6zBbBl1HDBEPpe$hM1q5RzS+UWigUFjyj/dTn3OHuk/yOYzDDAzxpIdreY=,,,U1020,,U1020@gmail.com,1,1,2023-04-08 21:18,firstname
33,pbkdf2_sha256$390000$QAVuIbzd6zBbBl1HDBEPpe$hM1q5RzS+UWigUFjyj/dTn3OHuk/yOYzDDAzxpIdreY=,,,U1051,,U1051@gmail.com,1,1,2023-04-08 21:18,firstname
34,pbkdf2_sha256$390000$QAVuIbzd6zBbBl1HDBEPpe$hM1q5RzS+UWigUFjyj/dTn3OHuk/yOYzDDAzxpIdreY=,,,U1055,,U1055@gmail.com,1,1,2023-04-08 21:18,firstname
35,pbkdf2_sha256$390000$QAVuIbzd6zBbBl1HDBEPpe$hM1q5RzS+UWigUFjyj/dTn3OHuk/yOYzDDAzxpIdreY=,,,U1053,,U1053@gmail.com,1,1,2023-04-08 21:18,firstname
36,pbkdf2_sha256$390000$QAVuIbzd6zBbBl1HDBEPpe$hM1q5RzS+UWigUFjyj/dTn3OHuk/yOYzDDAzxpIdreY=,,,U1035,,U1035@gmail.com,1,1,2023-04-08 21:18,firstname
37,pbkdf2_sha256$390000$QAVuIbzd6zBbBl1HDBEPpe$hM1q5RzS+UWigUFjyj/dTn3OHuk/yOYzDDAzxpIdreY=,,,U1064,,U1064@gmail.com,1,1,2023-04-08 21:18,firstname
38,pbkdf2_sha256$390000$QAVuIbzd6zBbBl1HDBEPpe$hM1q5RzS+UWigUFjyj/dTn3OHuk/yOYzDDAzxpIdreY=,,,U1081,,U1081@gmail.com,1,1,2023-04-08 21:18,firstname
39,pbkdf2_sha256$390000$QAVuIbzd6zBbBl1HDBEPpe$hM1q5RzS+UWigUFjyj/dTn3OHuk/yOYzDDAzxpIdreY=,,,U1001,,U1001@gmail.com,1,1,2023-04-08 21:18,firstname
40,pbkdf2_sha256$390000$QAVuIbzd6zBbBl1HDBEPpe$hM1q5RzS+UWigUFjyj/dTn3OHuk/yOYzDDAzxpIdreY=,,,U1014,,U1014@gmail.com,1,1,2023-04-08 21:18,firstname
41,pbkdf2_sha256$390000$QAVuIbzd6zBbBl1HDBEPpe$hM1q5RzS+UWigUFjyj/dTn3OHuk/yOYzDDAzxpIdreY=,,,U1088,,U1088@gmail.com,1,1,2023-04-08 21:18,firstname
42,pbkdf2_sha256$390000$QAVuIbzd6zBbBl1HDBEPpe$hM1q5RzS+UWigUFjyj/dTn3OHuk/yOYzDDAzxpIdreY=,,,U1056,,U1056@gmail.com,1,1,2023-04-08 21:18,firstname
43,pbkdf2_sha256$390000$QAVuIbzd6zBbBl1HDBEPpe$hM1q5RzS+UWigUFjyj/dTn3OHuk/yOYzDDAzxpIdreY=,,,U1134,,U1134@gmail.com,1,1,2023-04-08 21:18,firstname
44,pbkdf2_sha256$390000$QAVuIbzd6zBbBl1HDBEPpe$hM1q5RzS+UWigUFjyj/dTn3OHuk/yOYzDDAzxpIdreY=,,,U1106,,U1106@gmail.com,1,1,2023-04-08 21:18,firstname
45,pbkdf2_sha256$390000$QAVuIbzd6zBbBl1HDBEPpe$hM1q5RzS+UWigUFjyj/dTn3OHuk/yOYzDDAzxpIdreY=,,,U1126,,U1126@gmail.com,1,1,2023-04-08 21:18,firstname
46,pbkdf2_sha256$390000$QAVuIbzd6zBbBl1HDBEPpe$hM1q5RzS+UWigUFjyj/dTn3OHuk/yOYzDDAzxpIdreY=,,,U1124,,U1124@gmail.com,1,1,2023-04-08 21:18,firstname
47,pbkdf2_sha256$390000$QAVuIbzd6zBbBl1HDBEPpe$hM1q5RzS+UWigUFjyj/dTn3OHuk/yOYzDDAzxpIdreY=,,,U1018,,U1018@gmail.com,1,1,2023-04-08 21:18,firstname
48,pbkdf2_sha256$390000$QAVuIbzd6zBbBl1HDBEPpe$hM1q5RzS+UWigUFjyj/dTn3OHuk/yOYzDDAzxpIdreY=,,,U1125,,U1125@gmail.com,1,1,2023-04-08 21:18,firstname
49,pbkdf2_sha256$390000$QAVuIbzd6zBbBl1HDBEPpe$hM1q5RzS+UWigUFjyj/dTn3OHuk/yOYzDDAzxpIdreY=,,,U1119,,U1119@gmail.com,1,1,2023-04-08 21:18,firstname
50,pbkdf2_sha256$390000$QAVuIbzd6zBbBl1HDBEPpe$hM1q5RzS+UWigUFjyj/dTn3OHuk/yOYzDDAzxpIdreY=,,,U1076,,U1076@gmail.com,1,1,2023-04-08 21:18,firstname
51,pbkdf2_sha256$390000$QAVuIbzd6zBbBl1HDBEPpe$hM1q5RzS+UWigUFjyj/dTn3OHuk/yOYzDDAzxpIdreY=,,,U1022,,U1022@gmail.com,1,1,2023-04-08 21:18,firstname
52,pbkdf2_sha256$390000$QAVuIbzd6zBbBl1HDBEPpe$hM1q5RzS+UWigUFjyj/dTn3OHuk/yOYzDDAzxpIdreY=,,,U1094,,U1094@gmail.com,1,1,2023-04-08 21:18,firstname
53,pbkdf2_sha256$390000$QAVuIbzd6zBbBl1HDBEPpe$hM1q5RzS+UWigUFjyj/dTn3OHuk/yOYzDDAzxpIdreY=,,,U1116,,U1116@gmail.com,1,1,2023-04-08 21:18,firstname
54,pbkdf2_sha256$390000$QAVuIbzd6zBbBl1HDBEPpe$hM1q5RzS+UWigUFjyj/dTn3OHuk/yOYzDDAzxpIdreY=,,,U1105,,U1105@gmail.com,1,1,2023-04-08 21:18,firstname
55,pbkdf2_sha256$390000$QAVuIbzd6zBbBl1HDBEPpe$hM1q5RzS+UWigUFjyj/dTn3OHuk/yOYzDDAzxpIdreY=,,,U1075,,U1075@gmail.com,1,1,2023-04-08 21:18,firstname
56,pbkdf2_sha256$390000$QAVuIbzd6zBbBl1HDBEPpe$hM1q5RzS+UWigUFjyj/dTn3OHuk/yOYzDDAzxpIdreY=,,,U1007,,U1007@gmail.com,1,1,2023-04-08 21:18,firstname
57,pbkdf2_sha256$390000$QAVuIbzd6zBbBl1HDBEPpe$hM1q5RzS+UWigUFjyj/dTn3OHuk/yOYzDDAzxpIdreY=,,,U1115,,U1115@gmail.com,1,1,2023-04-08 21:18,firstname
58,pbkdf2_sha256$390000$QAVuIbzd6zBbBl1HDBEPpe$hM1q5RzS+UWigUFjyj/dTn3OHuk/yOYzDDAzxpIdreY=,,,U1024,,U1024@gmail.com,1,1,2023-04-08 21:18,firstname
59,pbkdf2_sha256$390000$QAVuIbzd6zBbBl1HDBEPpe$hM1q5RzS+UWigUFjyj/dTn3OHuk/yOYzDDAzxpIdreY=,,,U1132,,U1132@gmail.com,1,1,2023-04-08 21:18,firstname
60,pbkdf2_sha256$390000$QAVuIbzd6zBbBl1HDBEPpe$hM1q5RzS+UWigUFjyj/dTn3OHuk/yOYzDDAzxpIdreY=,,,U1005,,U1005@gmail.com,1,1,2023-04-08 21:18,firstname
61,pbkdf2_sha256$390000$QAVuIbzd6zBbBl1HDBEPpe$hM1q5RzS+UWigUFjyj/dTn3OHuk/yOYzDDAzxpIdreY=,,,U1120,,U1120@gmail.com,1,1,2023-04-08 21:18,firstname
62,pbkdf2_sha256$390000$QAVuIbzd6zBbBl1HDBEPpe$hM1q5RzS+UWigUFjyj/dTn3OHuk/yOYzDDAzxpIdreY=,,,U1004,,U1004@gmail.com,1,1,2023-04-08 21:18,firstname
63,pbkdf2_sha256$390000$QAVuIbzd6zBbBl1HDBEPpe$hM1q5RzS+UWigUFjyj/dTn3OHuk/yOYzDDAzxpIdreY=,,,U1037,,U1037@gmail.com,1,1,2023-04-08 21:18,firstname
64,pbkdf2_sha256$390000$QAVuIbzd6zBbBl1HDBEPpe$hM1q5RzS+UWigUFjyj/dTn3OHuk/yOYzDDAzxpIdreY=,,,U1052,,U1052@gmail.com,1,1,2023-04-08 21:18,firstname
65,pbkdf2_sha256$390000$QAVuIbzd6zBbBl1HDBEPpe$hM1q5RzS+UWigUFjyj/dTn3OHuk/yOYzDDAzxpIdreY=,,,U1036,,U1036@gmail.com,1,1,2023-04-08 21:18,firstname
66,pbkdf2_sha256$390000$QAVuIbzd6zBbBl1HDBEPpe$hM1q5RzS+UWigUFjyj/dTn3OHuk/yOYzDDAzxpIdreY=,,,U1038,,U1038@gmail.com,1,1,2023-04-08 21:18,firstname
67,pbkdf2_sha256$390000$QAVuIbzd6zBbBl1HDBEPpe$hM1q5RzS+UWigUFjyj/dTn3OHuk/yOYzDDAzxpIdreY=,,,U1071,,U1071@gmail.com,1,1,2023-04-08 21:18,firstname
68,pbkdf2_sha256$390000$QAVuIbzd6zBbBl1HDBEPpe$hM1q5RzS+UWigUFjyj/dTn3OHuk/yOYzDDAzxpIdreY=,,,U1114,,U1114@gmail.com,1,1,2023-04-08 21:18,firstname
69,pbkdf2_sha256$390000$QAVuIbzd6zBbBl1HDBEPpe$hM1q5RzS+UWigUFjyj/dTn3OHuk/yOYzDDAzxpIdreY=,,,U1084,,U1084@gmail.com,1,1,2023-04-08 21:18,firstname
70,pbkdf2_sha256$390000$QAVuIbzd6zBbBl1HDBEPpe$hM1q5RzS+UWigUFjyj/dTn3OHuk/yOYzDDAzxpIdreY=,,,U1049,,U1049@gmail.com,1,1,2023-04-08 21:18,firstname
71,pbkdf2_sha256$390000$QAVuIbzd6zBbBl1HDBEPpe$hM1q5RzS+UWigUFjyj/dTn3OHuk/yOYzDDAzxpIdreY=,,,U1019,,U1019@gmail.com,1,1,2023-04-08 21:18,firstname
72,pbkdf2_sha256$390000$QAVuIbzd6zBbBl1HDBEPpe$hM1q5RzS+UWigUFjyj/dTn3OHuk/yOYzDDAzxpIdreY=,,,U1069,,U1069@gmail.com,1,1,2023-04-08 21:18,firstname
73,pbkdf2_sha256$390000$QAVuIbzd6zBbBl1HDBEPpe$hM1q5RzS+UWigUFjyj/dTn3OHuk/yOYzDDAzxpIdreY=,,,U1113,,U1113@gmail.com,1,1,2023-04-08 21:18,firstname
74,pbkdf2_sha256$390000$QAVuIbzd6zBbBl1HDBEPpe$hM1q5RzS+UWigUFjyj/dTn3OHuk/yOYzDDAzxpIdreY=,,,U1104,,U1104@gmail.com,1,1,2023-04-08 21:18,firstname
75,pbkdf2_sha256$390000$QAVuIbzd6zBbBl1HDBEPpe$hM1q5RzS+UWigUFjyj/dTn3OHuk/yOYzDDAzxpIdreY=,,,U1079,,U1079@gmail.com,1,1,2023-04-08 21:18,firstname
76,pbkdf2_sha256$390000$QAVuIbzd6zBbBl1HDBEPpe$hM1q5RzS+UWigUFjyj/dTn3OHuk/yOYzDDAzxpIdreY=,,,U1045,,U1045@gmail.com,1,1,2023-04-08 21:18,firstname
77,pbkdf2_sha256$390000$QAVuIbzd6zBbBl1HDBEPpe$hM1q5RzS+UWigUFjyj/dTn3OHuk/yOYzDDAzxpIdreY=,,,U1009,,U1009@gmail.com,1,1,2023-04-08 21:18,firstname
78,pbkdf2_sha256$390000$QAVuIbzd6zBbBl1HDBEPpe$hM1q5RzS+UWigUFjyj/dTn3OHuk/yOYzDDAzxpIdreY=,,,U1016,,U1016@gmail.com,1,1,2023-04-08 21:18,firstname
79,pbkdf2_sha256$390000$QAVuIbzd6zBbBl1HDBEPpe$hM1q5RzS+UWigUFjyj/dTn3OHuk/yOYzDDAzxpIdreY=,,,U1047,,U1047@gmail.com,1,1,2023-04-08 21:18,firstname
80,pbkdf2_sha256$390000$QAVuIbzd6zBbBl1HDBEPpe$hM1q5RzS+UWigUFjyj/dTn3OHuk/yOYzDDAzxpIdreY=,,,U1095,,U1095@gmail.com,1,1,2023-04-08 21:18,firstname
81,pbkdf2_sha256$390000$QAVuIbzd6zBbBl1HDBEPpe$hM1q5RzS+UWigUFjyj/dTn3OHuk/yOYzDDAzxpIdreY=,,,U1034,,U1034@gmail.com,1,1,2023-04-08 21:18,firstname
82,pbkdf2_sha256$390000$QAVuIbzd6zBbBl1HDBEPpe$hM1q5RzS+UWigUFjyj/dTn3OHuk/yOYzDDAzxpIdreY=,,,U1078,,U1078@gmail.com,1,1,2023-04-08 21:18,firstname
83,pbkdf2_sha256$390000$QAVuIbzd6zBbBl1HDBEPpe$hM1q5RzS+UWigUFjyj/dTn3OHuk/yOYzDDAzxpIdreY=,,,U1099,,U1099@gmail.com,1,1,2023-04-08 21:18,firstname
84,pbkdf2_sha256$390000$QAVuIbzd6zBbBl1HDBEPpe$hM1q5RzS+UWigUFjyj/dTn3OHuk/yOYzDDAzxpIdreY=,,,U1008,,U1008@gmail.com,1,1,2023-04-08 21:18,firstname
85,pbkdf2_sha256$390000$QAVuIbzd6zBbBl1HDBEPpe$hM1q5RzS+UWigUFjyj/dTn3OHuk/yOYzDDAzxpIdreY=,,,U1040,,U1040@gmail.com,1,1,2023-04-08 21:18,firstname
86,pbkdf2_sha256$390000$QAVuIbzd6zBbBl1HDBEPpe$hM1q5RzS+UWigUFjyj/dTn3OHuk/yOYzDDAzxpIdreY=,,,U1121,,U1121@gmail.com,1,1,2023-04-08 21:18,firstname
87,pbkdf2_sha256$390000$QAVuIbzd6zBbBl1HDBEPpe$hM1q5RzS+UWigUFjyj/dTn3OHuk/yOYzDDAzxpIdreY=,,,U1110,,U1110@gmail.com,1,1,2023-04-08 21:18,firstname
88,pbkdf2_sha256$390000$QAVuIbzd6zBbBl1HDBEPpe$hM1q5RzS+UWigUFjyj/dTn3OHuk/yOYzDDAzxpIdreY=,,,U1042,,U1042@gmail.com,1,1,2023-04-08 21:18,firstname
89,pbkdf2_sha256$390000$QAVuIbzd6zBbBl1HDBEPpe$hM1q5RzS+UWigUFjyj/dTn3OHuk/yOYzDDAzxpIdreY=,,,U1013,,U1013@gmail.com,1,1,2023-04-08 21:18,firstname
90,pbkdf2_sha256$390000$QAVuIbzd6zBbBl1HDBEPpe$hM1q5RzS+UWigUFjyj/dTn3OHuk/yOYzDDAzxpIdreY=,,,U1054,,U1054@gmail.com,1,1,2023-04-08 21:18,firstname
91,pbkdf2_sha256$390000$QAVuIbzd6zBbBl1HDBEPpe$hM1q5RzS+UWigUFjyj/dTn3OHuk/yOYzDDAzxpIdreY=,,,U1111,,U1111@gmail.com,1,1,2023-04-08 21:18,firstname
92,pbkdf2_sha256$390000$QAVuIbzd6zBbBl1HDBEPpe$hM1q5RzS+UWigUFjyj/dTn3OHuk/yOYzDDAzxpIdreY=,,,U1128,,U1128@gmail.com,1,1,2023-04-08 21:18,firstname
93,pbkdf2_sha256$390000$QAVuIbzd6zBbBl1HDBEPpe$hM1q5RzS+UWigUFjyj/dTn3OHuk/yOYzDDAzxpIdreY=,,,U1062,,U1062@gmail.com,1,1,2023-04-08 21:18,firstname
94,pbkdf2_sha256$390000$QAVuIbzd6zBbBl1HDBEPpe$hM1q5RzS+UWigUFjyj/dTn3OHuk/yOYzDDAzxpIdreY=,,,U1101,,U1101@gmail.com,1,1,2023-04-08 21:18,firstname
95,pbkdf2_sha256$390000$QAVuIbzd6zBbBl1HDBEPpe$hM1q5RzS+UWigUFjyj/dTn3OHuk/yOYzDDAzxpIdreY=,,,U1135,,U1135@gmail.com,1,1,2023-04-08 21:18,firstname
96,pbkdf2_sha256$390000$QAVuIbzd6zBbBl1HDBEPpe$hM1q5RzS+UWigUFjyj/dTn3OHuk/yOYzDDAzxpIdreY=,,,U1032,,U1032@gmail.com,1,1,2023-04-08 21:18,firstname
97,pbkdf2_sha256$390000$QAVuIbzd6zBbBl1HDBEPpe$hM1q5RzS+UWigUFjyj/dTn3OHuk/yOYzDDAzxpIdreY=,,,U1048,,U1048@gmail.com,1,1,2023-04-08 21:18,firstname
98,pbkdf2_sha256$390000$QAVuIbzd6zBbBl1HDBEPpe$hM1q5RzS+UWigUFjyj/dTn3OHuk/yOYzDDAzxpIdreY=,,,U1092,,U1092@gmail.com,1,1,2023-04-08 21:18,firstname
99,pbkdf2_sha256$390000$QAVuIbzd6zBbBl1HDBEPpe$hM1q5RzS+UWigUFjyj/dTn3OHuk/yOYzDDAzxpIdreY=,,,U1085,,U1085@gmail.com,1,1,2023-04-08 21:18,firstname
100,pbkdf2_sha256$390000$QAVuIbzd6zBbBl1HDBEPpe$hM1q5RzS+UWigUFjyj/dTn3OHuk/yOYzDDAzxpIdreY=,,,U1109,,U1109@gmail.com,1,1,2023-04-08 21:18,firstname
101,pbkdf2_sha256$390000$QAVuIbzd6zBbBl1HDBEPpe$hM1q5RzS+UWigUFjyj/dTn3OHuk/yOYzDDAzxpIdreY=,,,U1102,,U1102@gmail.com,1,1,2023-04-08 21:18,firstname
102,pbkdf2_sha256$390000$QAVuIbzd6zBbBl1HDBEPpe$hM1q5RzS+UWigUFjyj/dTn3OHuk/yOYzDDAzxpIdreY=,,,U1098,,U1098@gmail.com,1,1,2023-04-08 21:18,firstname
103,pbkdf2_sha256$390000$QAVuIbzd6zBbBl1HDBEPpe$hM1q5RzS+UWigUFjyj/dTn3OHuk/yOYzDDAzxpIdreY=,,,U1046,,U1046@gmail.com,1,1,2023-04-08 21:18,firstname
104,pbkdf2_sha256$390000$QAVuIbzd6zBbBl1HDBEPpe$hM1q5RzS+UWigUFjyj/dTn3OHuk/yOYzDDAzxpIdreY=,,,U1122,,U1122@gmail.com,1,1,2023-04-08 21:18,firstname
105,pbkdf2_sha256$390000$QAVuIbzd6zBbBl1HDBEPpe$hM1q5RzS+UWigUFjyj/dTn3OHuk/yOYzDDAzxpIdreY=,,,U1138,,U1138@gmail.com,1,1,2023-04-08 21:18,firstname
106,pbkdf2_sha256$390000$QAVuIbzd6zBbBl1HDBEPpe$hM1q5RzS+UWigUFjyj/dTn3OHuk/yOYzDDAzxpIdreY=,,,U1033,,U1033@gmail.com,1,1,2023-04-08 21:18,firstname
107,pbkdf2_sha256$390000$QAVuIbzd6zBbBl1HDBEPpe$hM1q5RzS+UWigUFjyj/dTn3OHuk/yOYzDDAzxpIdreY=,,,U1089,,U1089@gmail.com,1,1,2023-04-08 21:18,firstname
108,pbkdf2_sha256$390000$QAVuIbzd6zBbBl1HDBEPpe$hM1q5RzS+UWigUFjyj/dTn3OHuk/yOYzDDAzxpIdreY=,,,U1003,,U1003@gmail.com,1,1,2023-04-08 21:18,firstname
109,pbkdf2_sha256$390000$QAVuIbzd6zBbBl1HDBEPpe$hM1q5RzS+UWigUFjyj/dTn3OHuk/yOYzDDAzxpIdreY=,,,U1091,,U1091@gmail.com,1,1,2023-04-08 21:18,firstname
110,pbkdf2_sha256$390000$QAVuIbzd6zBbBl1HDBEPpe$hM1q5RzS+UWigUFjyj/dTn3OHuk/yOYzDDAzxpIdreY=,,,U1027,,U1027@gmail.com,1,1,2023-04-08 21:18,firstname
111,pbkdf2_sha256$390000$QAVuIbzd6zBbBl1HDBEPpe$hM1q5RzS+UWigUFjyj/dTn3OHuk/yOYzDDAzxpIdreY=,,,U1029,,U1029@gmail.com,1,1,2023-04-08 21:18,firstname
112,pbkdf2_sha256$390000$QAVuIbzd6zBbBl1HDBEPpe$hM1q5RzS+UWigUFjyj/dTn3OHuk/yOYzDDAzxpIdreY=,,,U1086,,U1086@gmail.com,1,1,2023-04-08 21:18,firstname
113,pbkdf2_sha256$390000$QAVuIbzd6zBbBl1HDBEPpe$hM1q5RzS+UWigUFjyj/dTn3OHuk/yOYzDDAzxpIdreY=,,,U1137,,U1137@gmail.com,1,1,2023-04-08 21:18,firstname
114,pbkdf2_sha256$390000$QAVuIbzd6zBbBl1HDBEPpe$hM1q5RzS+UWigUFjyj/dTn3OHuk/yOYzDDAzxpIdreY=,,,U1090,,U1090@gmail.com,1,1,2023-04-08 21:18,firstname
115,pbkdf2_sha256$390000$QAVuIbzd6zBbBl1HDBEPpe$hM1q5RzS+UWigUFjyj/dTn3OHuk/yOYzDDAzxpIdreY=,,,U1061,,U1061@gmail.com,1,1,2023-04-08 21:18,firstname
116,pbkdf2_sha256$390000$QAVuIbzd6zBbBl1HDBEPpe$hM1q5RzS+UWigUFjyj/dTn3OHuk/yOYzDDAzxpIdreY=,,,U1041,,U1041@gmail.com,1,1,2023-04-08 21:18,firstname
117,pbkdf2_sha256$390000$QAVuIbzd6zBbBl1HDBEPpe$hM1q5RzS+UWigUFjyj/dTn3OHuk/yOYzDDAzxpIdreY=,,,U1059,,U1059@gmail.com,1,1,2023-04-08 21:18,firstname
118,pbkdf2_sha256$390000$QAVuIbzd6zBbBl1HDBEPpe$hM1q5RzS+UWigUFjyj/dTn3OHuk/yOYzDDAzxpIdreY=,,,U1112,,U1112@gmail.com,1,1,2023-04-08 21:18,firstname
119,pbkdf2_sha256$390000$QAVuIbzd6zBbBl1HDBEPpe$hM1q5RzS+UWigUFjyj/dTn3OHuk/yOYzDDAzxpIdreY=,,,U1057,,U1057@gmail.com,1,1,2023-04-08 21:18,firstname
120,pbkdf2_sha256$390000$QAVuIbzd6zBbBl1HDBEPpe$hM1q5RzS+UWigUFjyj/dTn3OHuk/yOYzDDAzxpIdreY=,,,U1025,,U1025@gmail.com,1,1,2023-04-08 21:18,firstname
121,pbkdf2_sha256$390000$QAVuIbzd6zBbBl1HDBEPpe$hM1q5RzS+UWigUFjyj/dTn3OHuk/yOYzDDAzxpIdreY=,,,U1097,,U1097@gmail.com,1,1,2023-04-08 21:18,firstname
122,pbkdf2_sha256$390000$QAVuIbzd6zBbBl1HDBEPpe$hM1q5RzS+UWigUFjyj/dTn3OHuk/yOYzDDAzxpIdreY=,,,U1006,,U1006@gmail.com,1,1,2023-04-08 21:18,firstname
123,pbkdf2_sha256$390000$QAVuIbzd6zBbBl1HDBEPpe$hM1q5RzS+UWigUFjyj/dTn3OHuk/yOYzDDAzxpIdreY=,,,U1131,,U1131@gmail.com,1,1,2023-04-08 21:18,firstname
124,pbkdf2_sha256$390000$QAVuIbzd6zBbBl1HDBEPpe$hM1q5RzS+UWigUFjyj/dTn3OHuk/yOYzDDAzxpIdreY=,,,U1073,,U1073@gmail.com,1,1,2023-04-08 21:18,firstname
125,pbkdf2_sha256$390000$QAVuIbzd6zBbBl1HDBEPpe$hM1q5RzS+UWigUFjyj/dTn3OHuk/yOYzDDAzxpIdreY=,,,U1058,,U1058@gmail.com,1,1,2023-04-08 21:18,firstname
126,pbkdf2_sha256$390000$QAVuIbzd6zBbBl1HDBEPpe$hM1q5RzS+UWigUFjyj/dTn3OHuk/yOYzDDAzxpIdreY=,,,U1002,,U1002@gmail.com,1,1,2023-04-08 21:18,firstname
127,pbkdf2_sha256$390000$QAVuIbzd6zBbBl1HDBEPpe$hM1q5RzS+UWigUFjyj/dTn3OHuk/yOYzDDAzxpIdreY=,,,U1096,,U1096@gmail.com,1,1,2023-04-08 21:18,firstname
128,pbkdf2_sha256$390000$QAVuIbzd6zBbBl1HDBEPpe$hM1q5RzS+UWigUFjyj/dTn3OHuk/yOYzDDAzxpIdreY=,,,U1136,,U1136@gmail.com,1,1,2023-04-08 21:18,firstname
129,pbkdf2_sha256$390000$QAVuIbzd6zBbBl1HDBEPpe$hM1q5RzS+UWigUFjyj/dTn3OHuk/yOYzDDAzxpIdreY=,,,U1010,,U1010@gmail.com,1,1,2023-04-08 21:18,firstname
130,pbkdf2_sha256$390000$QAVuIbzd6zBbBl1HDBEPpe$hM1q5RzS+UWigUFjyj/dTn3OHuk/yOYzDDAzxpIdreY=,,,U1028,,U1028@gmail.com,1,1,2023-04-08 21:18,firstname
131,pbkdf2_sha256$390000$QAVuIbzd6zBbBl1HDBEPpe$hM1q5RzS+UWigUFjyj/dTn3OHuk/yOYzDDAzxpIdreY=,,,U1050,,U1050@gmail.com,1,1,2023-04-08 21:18,firstname
132,pbkdf2_sha256$390000$QAVuIbzd6zBbBl1HDBEPpe$hM1q5RzS+UWigUFjyj/dTn3OHuk/yOYzDDAzxpIdreY=,,,U1129,,U1129@gmail.com,1,1,2023-04-08 21:18,firstname
133,pbkdf2_sha256$390000$QAVuIbzd6zBbBl1HDBEPpe$hM1q5RzS+UWigUFjyj/dTn3OHuk/yOYzDDAzxpIdreY=,,,U1087,,U1087@gmail.com,1,1,2023-04-08 21:18,firstname
134,pbkdf2_sha256$390000$QAVuIbzd6zBbBl1HDBEPpe$hM1q5RzS+UWigUFjyj/dTn3OHuk/yOYzDDAzxpIdreY=,,,U1065,,U1065@gmail.com,1,1,2023-04-08 21:18,firstname
135,pbkdf2_sha256$390000$QAVuIbzd6zBbBl1HDBEPpe$hM1q5RzS+UWigUFjyj/dTn3OHuk/yOYzDDAzxpIdreY=,,,U1039,,U1039@gmail.com,1,1,2023-04-08 21:18,firstname
136,pbkdf2_sha256$390000$QAVuIbzd6zBbBl1HDBEPpe$hM1q5RzS+UWigUFjyj/dTn3OHuk/yOYzDDAzxpIdreY=,,,U1130,,U1130@gmail.com,1,1,2023-04-08 21:18,firstname
137,pbkdf2_sha256$390000$QAVuIbzd6zBbBl1HDBEPpe$hM1q5RzS+UWigUFjyj/dTn3OHuk/yOYzDDAzxpIdreY=,,,U1043,,U1043@gmail.com,1,1,2023-04-08 21:18,firstname
138,pbkdf2_sha256$390000$QAVuIbzd6zBbBl1HDBEPpe$hM1q5RzS+UWigUFjyj/dTn3OHuk/yOYzDDAzxpIdreY=,,,U1011,,U1011@gmail.com,1,1,2023-04-08 21:18,firstname
